--------------------------------------------------------
--  File created - Monday-April-03-2017   
--------------------------------------------------------
--------------------------------------------------------
--  DDL for Sequence FACULTY_ID
--------------------------------------------------------

   CREATE SEQUENCE  "RMUDDUR"."FACULTY_ID"  MINVALUE 1 MAXVALUE 9999999999999999999999999999 INCREMENT BY 1 START WITH 41 CACHE 20 NOORDER  NOCYCLE ;
--------------------------------------------------------
--  DDL for Sequence SCHEDULE_ID
--------------------------------------------------------

   CREATE SEQUENCE  "RMUDDUR"."SCHEDULE_ID"  MINVALUE 1 MAXVALUE 9999999999999999999999999999 INCREMENT BY 1 START WITH 21 CACHE 20 NOORDER  NOCYCLE ;
--------------------------------------------------------
--  DDL for Table ADMINISTRATOR
--------------------------------------------------------

  CREATE TABLE "RMUDDUR"."ADMINISTRATOR" 
   (	"FNAME" VARCHAR2(20 BYTE), 
	"LNAME" VARCHAR2(20 BYTE), 
	"DOB" VARCHAR2(20 BYTE), 
	"EID" NUMBER, 
	"APPUSERID" VARCHAR2(20 BYTE)
   ) SEGMENT CREATION IMMEDIATE 
  PCTFREE 10 PCTUSED 40 INITRANS 1 MAXTRANS 255 NOCOMPRESS LOGGING
  STORAGE(INITIAL 65536 NEXT 1048576 MINEXTENTS 1 MAXEXTENTS 2147483645
  PCTINCREASE 0 FREELISTS 1 FREELIST GROUPS 1 BUFFER_POOL DEFAULT FLASH_CACHE DEFAULT CELL_FLASH_CACHE DEFAULT)
  TABLESPACE "USERS" ;
--------------------------------------------------------
--  DDL for Table APPUSER
--------------------------------------------------------

  CREATE TABLE "RMUDDUR"."APPUSER" 
   (	"USERNAME" VARCHAR2(20 BYTE), 
	"PASSWORD" VARCHAR2(255 BYTE), 
	"IS_ADMIN" NUMBER(1,0)
   ) SEGMENT CREATION IMMEDIATE 
  PCTFREE 10 PCTUSED 40 INITRANS 1 MAXTRANS 255 NOCOMPRESS LOGGING
  STORAGE(INITIAL 65536 NEXT 1048576 MINEXTENTS 1 MAXEXTENTS 2147483645
  PCTINCREASE 0 FREELISTS 1 FREELIST GROUPS 1 BUFFER_POOL DEFAULT FLASH_CACHE DEFAULT CELL_FLASH_CACHE DEFAULT)
  TABLESPACE "USERS" ;
--------------------------------------------------------
--  DDL for Table BILLRATES
--------------------------------------------------------

  CREATE TABLE "RMUDDUR"."BILLRATES" 
   (	"YEAR" NUMBER, 
	"SEM" VARCHAR2(20 BYTE), 
	"RESIDENCY" NUMBER, 
	"LVL" NUMBER, 
	"CHARGE" NUMBER
   ) SEGMENT CREATION IMMEDIATE 
  PCTFREE 10 PCTUSED 40 INITRANS 1 MAXTRANS 255 NOCOMPRESS LOGGING
  STORAGE(INITIAL 65536 NEXT 1048576 MINEXTENTS 1 MAXEXTENTS 2147483645
  PCTINCREASE 0 FREELISTS 1 FREELIST GROUPS 1 BUFFER_POOL DEFAULT FLASH_CACHE DEFAULT CELL_FLASH_CACHE DEFAULT)
  TABLESPACE "USERS" ;
--------------------------------------------------------
--  DDL for Table CLASSROOMS
--------------------------------------------------------

  CREATE TABLE "RMUDDUR"."CLASSROOMS" 
   (	"ID" NUMBER(*,0), 
	"BUILDING" VARCHAR2(20 BYTE), 
	"CLASSROOM" NUMBER(*,0)
   ) SEGMENT CREATION IMMEDIATE 
  PCTFREE 10 PCTUSED 40 INITRANS 1 MAXTRANS 255 NOCOMPRESS LOGGING
  STORAGE(INITIAL 65536 NEXT 1048576 MINEXTENTS 1 MAXEXTENTS 2147483645
  PCTINCREASE 0 FREELISTS 1 FREELIST GROUPS 1 BUFFER_POOL DEFAULT FLASH_CACHE DEFAULT CELL_FLASH_CACHE DEFAULT)
  TABLESPACE "USERS" ;
--------------------------------------------------------
--  DDL for Table COURSE
--------------------------------------------------------

  CREATE TABLE "RMUDDUR"."COURSE" 
   (	"CID" NUMBER(*,0), 
	"NAME" VARCHAR2(20 BYTE), 
	"DEPARTMENT" VARCHAR2(20 BYTE), 
	"CREDIT" NUMBER(*,0), 
	"COURSE_LEVEL" NUMBER(*,0)
   ) SEGMENT CREATION IMMEDIATE 
  PCTFREE 10 PCTUSED 40 INITRANS 1 MAXTRANS 255 NOCOMPRESS LOGGING
  STORAGE(INITIAL 65536 NEXT 1048576 MINEXTENTS 1 MAXEXTENTS 2147483645
  PCTINCREASE 0 FREELISTS 1 FREELIST GROUPS 1 BUFFER_POOL DEFAULT FLASH_CACHE DEFAULT CELL_FLASH_CACHE DEFAULT)
  TABLESPACE "USERS" ;
--------------------------------------------------------
--  DDL for Table ENROLLMENTS
--------------------------------------------------------

  CREATE TABLE "RMUDDUR"."ENROLLMENTS" 
   (	"STUDENT_ID" NUMBER, 
	"GPA" FLOAT(126), 
	"SCHED_ID" NUMBER, 
	"CLASSROOM_ID" NUMBER, 
	"CID" NUMBER(38,0), 
	"ORDER_NUM" NUMBER, 
	"SEM" VARCHAR2(20 BYTE), 
	"YEAR" VARCHAR2(20 BYTE)
   ) SEGMENT CREATION IMMEDIATE 
  PCTFREE 10 PCTUSED 40 INITRANS 1 MAXTRANS 255 NOCOMPRESS LOGGING
  STORAGE(INITIAL 65536 NEXT 1048576 MINEXTENTS 1 MAXEXTENTS 2147483645
  PCTINCREASE 0 FREELISTS 1 FREELIST GROUPS 1 BUFFER_POOL DEFAULT FLASH_CACHE DEFAULT CELL_FLASH_CACHE DEFAULT)
  TABLESPACE "USERS" ;
 

   COMMENT ON COLUMN "RMUDDUR"."ENROLLMENTS"."ORDER_NUM" IS 'Priority in which a student get enrolled for a particular course';
--------------------------------------------------------
--  DDL for Table FACULTY
--------------------------------------------------------

  CREATE TABLE "RMUDDUR"."FACULTY" 
   (	"FID" NUMBER(*,0), 
	"DEPARTMENT" VARCHAR2(20 BYTE), 
	"NAME" VARCHAR2(20 BYTE)
   ) SEGMENT CREATION IMMEDIATE 
  PCTFREE 10 PCTUSED 40 INITRANS 1 MAXTRANS 255 NOCOMPRESS LOGGING
  STORAGE(INITIAL 65536 NEXT 1048576 MINEXTENTS 1 MAXEXTENTS 2147483645
  PCTINCREASE 0 FREELISTS 1 FREELIST GROUPS 1 BUFFER_POOL DEFAULT FLASH_CACHE DEFAULT CELL_FLASH_CACHE DEFAULT)
  TABLESPACE "USERS" ;
--------------------------------------------------------
--  DDL for Table FACULTY_GROUP
--------------------------------------------------------

  CREATE TABLE "RMUDDUR"."FACULTY_GROUP" 
   (	"COURSE_ID" NUMBER(*,0), 
	"SCHED_ID" NUMBER(*,0), 
	"CLASSROOM_ID" NUMBER(*,0), 
	"FID" NUMBER(*,0), 
	"SEM" VARCHAR2(20 BYTE), 
	"YEAR" NUMBER(4,0)
   ) SEGMENT CREATION IMMEDIATE 
  PCTFREE 10 PCTUSED 40 INITRANS 1 MAXTRANS 255 NOCOMPRESS LOGGING
  STORAGE(INITIAL 65536 NEXT 1048576 MINEXTENTS 1 MAXEXTENTS 2147483645
  PCTINCREASE 0 FREELISTS 1 FREELIST GROUPS 1 BUFFER_POOL DEFAULT FLASH_CACHE DEFAULT CELL_FLASH_CACHE DEFAULT)
  TABLESPACE "USERS" ;
--------------------------------------------------------
--  DDL for Table OFFERINGS
--------------------------------------------------------

  CREATE TABLE "RMUDDUR"."OFFERINGS" 
   (	"CID" NUMBER(*,0), 
	"SCHED_ID" NUMBER(*,0), 
	"CLASSROOM_ID" NUMBER(*,0), 
	"MAX" NUMBER(*,0), 
	"WAITLIST" NUMBER(*,0), 
	"REMAINING" NUMBER(*,0), 
	"SEM" VARCHAR2(20 BYTE), 
	"YEAR" NUMBER(4,0)
   ) SEGMENT CREATION IMMEDIATE 
  PCTFREE 10 PCTUSED 40 INITRANS 1 MAXTRANS 255 NOCOMPRESS LOGGING
  STORAGE(INITIAL 65536 NEXT 1048576 MINEXTENTS 1 MAXEXTENTS 2147483645
  PCTINCREASE 0 FREELISTS 1 FREELIST GROUPS 1 BUFFER_POOL DEFAULT FLASH_CACHE DEFAULT CELL_FLASH_CACHE DEFAULT)
  TABLESPACE "USERS" ;
--------------------------------------------------------
--  DDL for Table PRECON
--------------------------------------------------------

  CREATE TABLE "RMUDDUR"."PRECON" 
   (	"TAG" NUMBER(*,0), 
	"DESCRIPTION" VARCHAR2(50 BYTE)
   ) SEGMENT CREATION IMMEDIATE 
  PCTFREE 10 PCTUSED 40 INITRANS 1 MAXTRANS 255 NOCOMPRESS LOGGING
  STORAGE(INITIAL 65536 NEXT 1048576 MINEXTENTS 1 MAXEXTENTS 2147483645
  PCTINCREASE 0 FREELISTS 1 FREELIST GROUPS 1 BUFFER_POOL DEFAULT FLASH_CACHE DEFAULT CELL_FLASH_CACHE DEFAULT)
  TABLESPACE "USERS" ;
--------------------------------------------------------
--  DDL for Table PRECONREQ
--------------------------------------------------------

  CREATE TABLE "RMUDDUR"."PRECONREQ" 
   (	"CID" NUMBER(*,0), 
	"TAG" NUMBER(*,0)
   ) SEGMENT CREATION IMMEDIATE 
  PCTFREE 10 PCTUSED 40 INITRANS 1 MAXTRANS 255 NOCOMPRESS LOGGING
  STORAGE(INITIAL 65536 NEXT 1048576 MINEXTENTS 1 MAXEXTENTS 2147483645
  PCTINCREASE 0 FREELISTS 1 FREELIST GROUPS 1 BUFFER_POOL DEFAULT FLASH_CACHE DEFAULT CELL_FLASH_CACHE DEFAULT)
  TABLESPACE "USERS" ;
--------------------------------------------------------
--  DDL for Table PREREQ
--------------------------------------------------------

  CREATE TABLE "RMUDDUR"."PREREQ" 
   (	"CID" NUMBER(*,0), 
	"REQ_CID" NUMBER(*,0)
   ) SEGMENT CREATION IMMEDIATE 
  PCTFREE 10 PCTUSED 40 INITRANS 1 MAXTRANS 255 NOCOMPRESS LOGGING
  STORAGE(INITIAL 65536 NEXT 1048576 MINEXTENTS 1 MAXEXTENTS 2147483645
  PCTINCREASE 0 FREELISTS 1 FREELIST GROUPS 1 BUFFER_POOL DEFAULT FLASH_CACHE DEFAULT CELL_FLASH_CACHE DEFAULT)
  TABLESPACE "USERS" ;
--------------------------------------------------------
--  DDL for Table SCHEDULE
--------------------------------------------------------

  CREATE TABLE "RMUDDUR"."SCHEDULE" 
   (	"SID" NUMBER(*,0), 
	"MON" NUMBER(1,0), 
	"TUE" NUMBER(1,0), 
	"WED" NUMBER(1,0), 
	"THU" NUMBER(1,0), 
	"FRI" NUMBER(1,0), 
	"START_HOUR" NUMBER(2,0), 
	"START_MIN" NUMBER(2,0), 
	"END_HOUR" NUMBER(2,0), 
	"END_MIN" NUMBER(2,0)
   ) SEGMENT CREATION IMMEDIATE 
  PCTFREE 10 PCTUSED 40 INITRANS 1 MAXTRANS 255 NOCOMPRESS LOGGING
  STORAGE(INITIAL 65536 NEXT 1048576 MINEXTENTS 1 MAXEXTENTS 2147483645
  PCTINCREASE 0 FREELISTS 1 FREELIST GROUPS 1 BUFFER_POOL DEFAULT FLASH_CACHE DEFAULT CELL_FLASH_CACHE DEFAULT)
  TABLESPACE "USERS" ;
--------------------------------------------------------
--  DDL for Table SEMESTER
--------------------------------------------------------

  CREATE TABLE "RMUDDUR"."SEMESTER" 
   (	"SEM" VARCHAR2(20 BYTE), 
	"YEAR" NUMBER(4,0), 
	"STATUS" NUMBER(1,0)
   ) SEGMENT CREATION IMMEDIATE 
  PCTFREE 10 PCTUSED 40 INITRANS 1 MAXTRANS 255 NOCOMPRESS LOGGING
  STORAGE(INITIAL 65536 NEXT 1048576 MINEXTENTS 1 MAXEXTENTS 2147483645
  PCTINCREASE 0 FREELISTS 1 FREELIST GROUPS 1 BUFFER_POOL DEFAULT FLASH_CACHE DEFAULT CELL_FLASH_CACHE DEFAULT)
  TABLESPACE "USERS" ;
--------------------------------------------------------
--  DDL for Table SPECIAL_REQ
--------------------------------------------------------

  CREATE TABLE "RMUDDUR"."SPECIAL_REQ" 
   (	"STUDENT_ID" NUMBER, 
	"GPA" NUMBER(*,0), 
	"SCHED_ID" NUMBER, 
	"CLASSROOM_ID" NUMBER, 
	"CID" NUMBER(38,0), 
	"ORDER_NUM" NUMBER, 
	"SEM" VARCHAR2(20 BYTE), 
	"YEAR" NUMBER
   ) SEGMENT CREATION IMMEDIATE 
  PCTFREE 10 PCTUSED 40 INITRANS 1 MAXTRANS 255 NOCOMPRESS LOGGING
  STORAGE(INITIAL 65536 NEXT 1048576 MINEXTENTS 1 MAXEXTENTS 2147483645
  PCTINCREASE 0 FREELISTS 1 FREELIST GROUPS 1 BUFFER_POOL DEFAULT FLASH_CACHE DEFAULT CELL_FLASH_CACHE DEFAULT)
  TABLESPACE "USERS" ;
--------------------------------------------------------
--  DDL for Table STUDENT
--------------------------------------------------------

  CREATE TABLE "RMUDDUR"."STUDENT" 
   (	"STUDENT_ID" NUMBER, 
	"L_NAME" VARCHAR2(20 BYTE), 
	"ADDRESS" VARCHAR2(20 BYTE), 
	"GPA" NUMBER, 
	"EMAIL" VARCHAR2(20 BYTE), 
	"F_NAME" VARCHAR2(20 BYTE), 
	"BILL" NUMBER, 
	"LVL" NUMBER(1,0), 
	"PHONE" VARCHAR2(20 BYTE), 
	"RESIDENCY" NUMBER(1,0), 
	"DOB" VARCHAR2(20 BYTE)
   ) SEGMENT CREATION IMMEDIATE 
  PCTFREE 10 PCTUSED 40 INITRANS 1 MAXTRANS 255 NOCOMPRESS LOGGING
  STORAGE(INITIAL 65536 NEXT 1048576 MINEXTENTS 1 MAXEXTENTS 2147483645
  PCTINCREASE 0 FREELISTS 1 FREELIST GROUPS 1 BUFFER_POOL DEFAULT FLASH_CACHE DEFAULT CELL_FLASH_CACHE DEFAULT)
  TABLESPACE "USERS" ;
REM INSERTING into RMUDDUR.ADMINISTRATOR
SET DEFINE OFF;
Insert into RMUDDUR.ADMINISTRATOR (FNAME,LNAME,DOB,EID,APPUSERID) values ('Eve','Adam',null,1,'EVE');
REM INSERTING into RMUDDUR.APPUSER
SET DEFINE OFF;
Insert into RMUDDUR.APPUSER (USERNAME,PASSWORD,IS_ADMIN) values ('EVE','SIMPLE',1);
Insert into RMUDDUR.APPUSER (USERNAME,PASSWORD,IS_ADMIN) values ('ani','password',0);
Insert into RMUDDUR.APPUSER (USERNAME,PASSWORD,IS_ADMIN) values ('r@ncsu.edu','wow',0);
Insert into RMUDDUR.APPUSER (USERNAME,PASSWORD,IS_ADMIN) values ('woo','woot',0);
REM INSERTING into RMUDDUR.BILLRATES
SET DEFINE OFF;
Insert into RMUDDUR.BILLRATES (YEAR,SEM,RESIDENCY,LVL,CHARGE) values (2016,'FALL',1,1,1000);
Insert into RMUDDUR.BILLRATES (YEAR,SEM,RESIDENCY,LVL,CHARGE) values (2016,'FALL',0,1,500);
Insert into RMUDDUR.BILLRATES (YEAR,SEM,RESIDENCY,LVL,CHARGE) values (2016,'FALL',2,1,1200);
Insert into RMUDDUR.BILLRATES (YEAR,SEM,RESIDENCY,LVL,CHARGE) values (2016,'FALL',1,0,800);
Insert into RMUDDUR.BILLRATES (YEAR,SEM,RESIDENCY,LVL,CHARGE) values (2016,'FALL',2,0,1000);
Insert into RMUDDUR.BILLRATES (YEAR,SEM,RESIDENCY,LVL,CHARGE) values (2016,'FALL',0,0,300);
REM INSERTING into RMUDDUR.CLASSROOMS
SET DEFINE OFF;
Insert into RMUDDUR.CLASSROOMS (ID,BUILDING,CLASSROOM) values (1,'EB1',100);
Insert into RMUDDUR.CLASSROOMS (ID,BUILDING,CLASSROOM) values (2,'EB1',101);
Insert into RMUDDUR.CLASSROOMS (ID,BUILDING,CLASSROOM) values (3,'EB1',102);
REM INSERTING into RMUDDUR.COURSE
SET DEFINE OFF;
Insert into RMUDDUR.COURSE (CID,NAME,DEPARTMENT,CREDIT,COURSE_LEVEL) values (7,'AdvancedDBMS','CSE',3,1);
Insert into RMUDDUR.COURSE (CID,NAME,DEPARTMENT,CREDIT,COURSE_LEVEL) values (1,'Operating Systems','CSE',3,1);
Insert into RMUDDUR.COURSE (CID,NAME,DEPARTMENT,CREDIT,COURSE_LEVEL) values (2,'Intro. Python','CSE',3,0);
Insert into RMUDDUR.COURSE (CID,NAME,DEPARTMENT,CREDIT,COURSE_LEVEL) values (8,'JAVA','CSE',3,0);
Insert into RMUDDUR.COURSE (CID,NAME,DEPARTMENT,CREDIT,COURSE_LEVEL) values (5,'C++','CSE',3,1);
REM INSERTING into RMUDDUR.ENROLLMENTS
SET DEFINE OFF;
Insert into RMUDDUR.ENROLLMENTS (STUDENT_ID,GPA,SCHED_ID,CLASSROOM_ID,CID,ORDER_NUM,SEM,YEAR) values (622,null,6,2,5,20,'FALL','2016');
Insert into RMUDDUR.ENROLLMENTS (STUDENT_ID,GPA,SCHED_ID,CLASSROOM_ID,CID,ORDER_NUM,SEM,YEAR) values (622,null,1,3,1,20,'FALL','2016');
Insert into RMUDDUR.ENROLLMENTS (STUDENT_ID,GPA,SCHED_ID,CLASSROOM_ID,CID,ORDER_NUM,SEM,YEAR) values (3,4.3,1,1,1,1,'FALL','2016');
Insert into RMUDDUR.ENROLLMENTS (STUDENT_ID,GPA,SCHED_ID,CLASSROOM_ID,CID,ORDER_NUM,SEM,YEAR) values (1,null,1,1,1,0,'FALL','2015');
Insert into RMUDDUR.ENROLLMENTS (STUDENT_ID,GPA,SCHED_ID,CLASSROOM_ID,CID,ORDER_NUM,SEM,YEAR) values (2,3.3,1,1,1,2,'FALL','2016');
Insert into RMUDDUR.ENROLLMENTS (STUDENT_ID,GPA,SCHED_ID,CLASSROOM_ID,CID,ORDER_NUM,SEM,YEAR) values (2,2.7,1,2,2,1,'FALL','2016');
Insert into RMUDDUR.ENROLLMENTS (STUDENT_ID,GPA,SCHED_ID,CLASSROOM_ID,CID,ORDER_NUM,SEM,YEAR) values (3,3.6,1,2,2,2,'FALL','2016');
Insert into RMUDDUR.ENROLLMENTS (STUDENT_ID,GPA,SCHED_ID,CLASSROOM_ID,CID,ORDER_NUM,SEM,YEAR) values (1,null,3,2,7,2,'FALL','2015');
Insert into RMUDDUR.ENROLLMENTS (STUDENT_ID,GPA,SCHED_ID,CLASSROOM_ID,CID,ORDER_NUM,SEM,YEAR) values (1,null,6,2,5,0,'FALL','2016');
Insert into RMUDDUR.ENROLLMENTS (STUDENT_ID,GPA,SCHED_ID,CLASSROOM_ID,CID,ORDER_NUM,SEM,YEAR) values (1,null,1,3,1,1,'FALL','2016');
Insert into RMUDDUR.ENROLLMENTS (STUDENT_ID,GPA,SCHED_ID,CLASSROOM_ID,CID,ORDER_NUM,SEM,YEAR) values (1,null,1,1,1,0,'FALL','2016');
Insert into RMUDDUR.ENROLLMENTS (STUDENT_ID,GPA,SCHED_ID,CLASSROOM_ID,CID,ORDER_NUM,SEM,YEAR) values (1,null,4,2,7,2,'FALL','2016');
REM INSERTING into RMUDDUR.FACULTY
SET DEFINE OFF;
Insert into RMUDDUR.FACULTY (FID,DEPARTMENT,NAME) values (7,null,'Dr Sunil');
Insert into RMUDDUR.FACULTY (FID,DEPARTMENT,NAME) values (8,null,'Dr N');
Insert into RMUDDUR.FACULTY (FID,DEPARTMENT,NAME) values (21,null,'Dr Sachin');
Insert into RMUDDUR.FACULTY (FID,DEPARTMENT,NAME) values (1,'CSE','Hebber');
Insert into RMUDDUR.FACULTY (FID,DEPARTMENT,NAME) values (2,'CSE','Stallman');
Insert into RMUDDUR.FACULTY (FID,DEPARTMENT,NAME) values (3,'ECE','Harfoush');
Insert into RMUDDUR.FACULTY (FID,DEPARTMENT,NAME) values (5,null,'Woo');
Insert into RMUDDUR.FACULTY (FID,DEPARTMENT,NAME) values (6,null,'Woot');
Insert into RMUDDUR.FACULTY (FID,DEPARTMENT,NAME) values (22,null,'Dr Guru');
REM INSERTING into RMUDDUR.FACULTY_GROUP
SET DEFINE OFF;
Insert into RMUDDUR.FACULTY_GROUP (COURSE_ID,SCHED_ID,CLASSROOM_ID,FID,SEM,YEAR) values (1,1,1,1,'FALL',2016);
Insert into RMUDDUR.FACULTY_GROUP (COURSE_ID,SCHED_ID,CLASSROOM_ID,FID,SEM,YEAR) values (1,1,3,1,'FALL',2015);
Insert into RMUDDUR.FACULTY_GROUP (COURSE_ID,SCHED_ID,CLASSROOM_ID,FID,SEM,YEAR) values (1,1,3,2,'FALL',2016);
Insert into RMUDDUR.FACULTY_GROUP (COURSE_ID,SCHED_ID,CLASSROOM_ID,FID,SEM,YEAR) values (5,6,2,22,'FALL',2016);
REM INSERTING into RMUDDUR.OFFERINGS
SET DEFINE OFF;
Insert into RMUDDUR.OFFERINGS (CID,SCHED_ID,CLASSROOM_ID,MAX,WAITLIST,REMAINING,SEM,YEAR) values (1,1,1,20,5,25,'FALL',2015);
Insert into RMUDDUR.OFFERINGS (CID,SCHED_ID,CLASSROOM_ID,MAX,WAITLIST,REMAINING,SEM,YEAR) values (7,4,2,20,5,24,'FALL',2016);
Insert into RMUDDUR.OFFERINGS (CID,SCHED_ID,CLASSROOM_ID,MAX,WAITLIST,REMAINING,SEM,YEAR) values (1,1,1,20,5,25,'FALL',2016);
Insert into RMUDDUR.OFFERINGS (CID,SCHED_ID,CLASSROOM_ID,MAX,WAITLIST,REMAINING,SEM,YEAR) values (2,1,2,60,5,65,'FALL',2016);
Insert into RMUDDUR.OFFERINGS (CID,SCHED_ID,CLASSROOM_ID,MAX,WAITLIST,REMAINING,SEM,YEAR) values (1,1,3,60,5,64,'FALL',2016);
Insert into RMUDDUR.OFFERINGS (CID,SCHED_ID,CLASSROOM_ID,MAX,WAITLIST,REMAINING,SEM,YEAR) values (7,3,2,60,5,62,'FALL',2015);
Insert into RMUDDUR.OFFERINGS (CID,SCHED_ID,CLASSROOM_ID,MAX,WAITLIST,REMAINING,SEM,YEAR) values (7,5,2,30,5,36,'FALL',2015);
Insert into RMUDDUR.OFFERINGS (CID,SCHED_ID,CLASSROOM_ID,MAX,WAITLIST,REMAINING,SEM,YEAR) values (5,6,2,50,5,56,'FALL',2016);
REM INSERTING into RMUDDUR.PRECON
SET DEFINE OFF;
Insert into RMUDDUR.PRECON (TAG,DESCRIPTION) values (1,'SP');
Insert into RMUDDUR.PRECON (TAG,DESCRIPTION) values (2,'GPA,3.5');
REM INSERTING into RMUDDUR.PRECONREQ
SET DEFINE OFF;
Insert into RMUDDUR.PRECONREQ (CID,TAG) values (1,1);
REM INSERTING into RMUDDUR.PREREQ
SET DEFINE OFF;
REM INSERTING into RMUDDUR.SCHEDULE
SET DEFINE OFF;
Insert into RMUDDUR.SCHEDULE (SID,MON,TUE,WED,THU,FRI,START_HOUR,START_MIN,END_HOUR,END_MIN) values (5,0,0,0,0,1,13,30,16,30);
Insert into RMUDDUR.SCHEDULE (SID,MON,TUE,WED,THU,FRI,START_HOUR,START_MIN,END_HOUR,END_MIN) values (4,0,1,0,1,0,16,30,18,0);
Insert into RMUDDUR.SCHEDULE (SID,MON,TUE,WED,THU,FRI,START_HOUR,START_MIN,END_HOUR,END_MIN) values (6,1,0,0,0,0,8,30,12,30);
Insert into RMUDDUR.SCHEDULE (SID,MON,TUE,WED,THU,FRI,START_HOUR,START_MIN,END_HOUR,END_MIN) values (1,1,0,1,0,0,10,0,11,30);
Insert into RMUDDUR.SCHEDULE (SID,MON,TUE,WED,THU,FRI,START_HOUR,START_MIN,END_HOUR,END_MIN) values (3,1,0,1,0,0,10,30,12,0);
Insert into RMUDDUR.SCHEDULE (SID,MON,TUE,WED,THU,FRI,START_HOUR,START_MIN,END_HOUR,END_MIN) values (2,1,1,0,0,0,10,30,12,0);
REM INSERTING into RMUDDUR.SEMESTER
SET DEFINE OFF;
Insert into RMUDDUR.SEMESTER (SEM,YEAR,STATUS) values ('FALL',2016,1);
Insert into RMUDDUR.SEMESTER (SEM,YEAR,STATUS) values ('FALL',2015,1);
Insert into RMUDDUR.SEMESTER (SEM,YEAR,STATUS) values ('FALL',2014,0);
Insert into RMUDDUR.SEMESTER (SEM,YEAR,STATUS) values ('SPRING',2014,0);
REM INSERTING into RMUDDUR.SPECIAL_REQ
SET DEFINE OFF;
Insert into RMUDDUR.SPECIAL_REQ (STUDENT_ID,GPA,SCHED_ID,CLASSROOM_ID,CID,ORDER_NUM,SEM,YEAR) values (1,4,1,1,1,20,'FALL',2016);
REM INSERTING into RMUDDUR.STUDENT
SET DEFINE OFF;
Insert into RMUDDUR.STUDENT (STUDENT_ID,L_NAME,ADDRESS,GPA,EMAIL,F_NAME,BILL,LVL,PHONE,RESIDENCY,DOB) values (99,'Woot',null,null,null,'Woot',0,0,null,2,'02-05-1991');
Insert into RMUDDUR.STUDENT (STUDENT_ID,L_NAME,ADDRESS,GPA,EMAIL,F_NAME,BILL,LVL,PHONE,RESIDENCY,DOB) values (72,'D',null,null,null,'Guru',0,1,null,2,'02-09-1994');
Insert into RMUDDUR.STUDENT (STUDENT_ID,L_NAME,ADDRESS,GPA,EMAIL,F_NAME,BILL,LVL,PHONE,RESIDENCY,DOB) values (1,'Ram Attili','CSE',4.32,'ani','anudeep',9300,1,'9193450667',1,'12-2-2009');
Insert into RMUDDUR.STUDENT (STUDENT_ID,L_NAME,ADDRESS,GPA,EMAIL,F_NAME,BILL,LVL,PHONE,RESIDENCY,DOB) values (10,'B',null,null,null,'Steve',17000,0,null,0,'21-6-1993');
Insert into RMUDDUR.STUDENT (STUDENT_ID,L_NAME,ADDRESS,GPA,EMAIL,F_NAME,BILL,LVL,PHONE,RESIDENCY,DOB) values (622,'Ree',null,null,'r@ncsu.edu','Decca',4000,0,null,1,'12-09-1920');
Insert into RMUDDUR.STUDENT (STUDENT_ID,L_NAME,ADDRESS,GPA,EMAIL,F_NAME,BILL,LVL,PHONE,RESIDENCY,DOB) values (5,'Narasi',null,null,'woo','Sunil',-6500,0,null,0,'05-05-1992');
--------------------------------------------------------
--  DDL for Index FACULTY_GROUP_PK
--------------------------------------------------------

  CREATE UNIQUE INDEX "RMUDDUR"."FACULTY_GROUP_PK" ON "RMUDDUR"."FACULTY_GROUP" ("SCHED_ID", "COURSE_ID", "CLASSROOM_ID", "FID", "YEAR", "SEM") 
  PCTFREE 10 INITRANS 2 MAXTRANS 255 COMPUTE STATISTICS 
  STORAGE(INITIAL 65536 NEXT 1048576 MINEXTENTS 1 MAXEXTENTS 2147483645
  PCTINCREASE 0 FREELISTS 1 FREELIST GROUPS 1 BUFFER_POOL DEFAULT FLASH_CACHE DEFAULT CELL_FLASH_CACHE DEFAULT)
  TABLESPACE "USERS" ;
--------------------------------------------------------
--  DDL for Index SPECIAL_REQ_PK
--------------------------------------------------------

  CREATE UNIQUE INDEX "RMUDDUR"."SPECIAL_REQ_PK" ON "RMUDDUR"."SPECIAL_REQ" ("STUDENT_ID", "SCHED_ID", "CLASSROOM_ID", "CID", "SEM", "YEAR") 
  PCTFREE 10 INITRANS 2 MAXTRANS 255 COMPUTE STATISTICS 
  STORAGE(INITIAL 65536 NEXT 1048576 MINEXTENTS 1 MAXEXTENTS 2147483645
  PCTINCREASE 0 FREELISTS 1 FREELIST GROUPS 1 BUFFER_POOL DEFAULT FLASH_CACHE DEFAULT CELL_FLASH_CACHE DEFAULT)
  TABLESPACE "USERS" ;
--------------------------------------------------------
--  DDL for Index UNAME_PK
--------------------------------------------------------

  CREATE UNIQUE INDEX "RMUDDUR"."UNAME_PK" ON "RMUDDUR"."APPUSER" ("USERNAME") 
  PCTFREE 10 INITRANS 2 MAXTRANS 255 COMPUTE STATISTICS 
  STORAGE(INITIAL 65536 NEXT 1048576 MINEXTENTS 1 MAXEXTENTS 2147483645
  PCTINCREASE 0 FREELISTS 1 FREELIST GROUPS 1 BUFFER_POOL DEFAULT FLASH_CACHE DEFAULT CELL_FLASH_CACHE DEFAULT)
  TABLESPACE "USERS" ;
--------------------------------------------------------
--  DDL for Index PREREQ_PK
--------------------------------------------------------

  CREATE UNIQUE INDEX "RMUDDUR"."PREREQ_PK" ON "RMUDDUR"."PREREQ" ("CID", "REQ_CID") 
  PCTFREE 10 INITRANS 2 MAXTRANS 255 COMPUTE STATISTICS 
  STORAGE(INITIAL 65536 NEXT 1048576 MINEXTENTS 1 MAXEXTENTS 2147483645
  PCTINCREASE 0 FREELISTS 1 FREELIST GROUPS 1 BUFFER_POOL DEFAULT FLASH_CACHE DEFAULT CELL_FLASH_CACHE DEFAULT)
  TABLESPACE "USERS" ;
--------------------------------------------------------
--  DDL for Index UNIQUE_SCHEDULE
--------------------------------------------------------

  CREATE UNIQUE INDEX "RMUDDUR"."UNIQUE_SCHEDULE" ON "RMUDDUR"."SCHEDULE" ("MON", "TUE", "WED", "THU", "FRI", "START_HOUR", "START_MIN", "END_HOUR", "END_MIN") 
  PCTFREE 10 INITRANS 2 MAXTRANS 255 COMPUTE STATISTICS 
  STORAGE(INITIAL 65536 NEXT 1048576 MINEXTENTS 1 MAXEXTENTS 2147483645
  PCTINCREASE 0 FREELISTS 1 FREELIST GROUPS 1 BUFFER_POOL DEFAULT FLASH_CACHE DEFAULT CELL_FLASH_CACHE DEFAULT)
  TABLESPACE "USERS" ;
--------------------------------------------------------
--  DDL for Index PRECON_PK
--------------------------------------------------------

  CREATE UNIQUE INDEX "RMUDDUR"."PRECON_PK" ON "RMUDDUR"."PRECON" ("TAG") 
  PCTFREE 10 INITRANS 2 MAXTRANS 255 COMPUTE STATISTICS 
  STORAGE(INITIAL 65536 NEXT 1048576 MINEXTENTS 1 MAXEXTENTS 2147483645
  PCTINCREASE 0 FREELISTS 1 FREELIST GROUPS 1 BUFFER_POOL DEFAULT FLASH_CACHE DEFAULT CELL_FLASH_CACHE DEFAULT)
  TABLESPACE "USERS" ;
--------------------------------------------------------
--  DDL for Index ADMINISTRATOR_PK
--------------------------------------------------------

  CREATE UNIQUE INDEX "RMUDDUR"."ADMINISTRATOR_PK" ON "RMUDDUR"."ADMINISTRATOR" ("EID") 
  PCTFREE 10 INITRANS 2 MAXTRANS 255 COMPUTE STATISTICS 
  STORAGE(INITIAL 65536 NEXT 1048576 MINEXTENTS 1 MAXEXTENTS 2147483645
  PCTINCREASE 0 FREELISTS 1 FREELIST GROUPS 1 BUFFER_POOL DEFAULT FLASH_CACHE DEFAULT CELL_FLASH_CACHE DEFAULT)
  TABLESPACE "USERS" ;
--------------------------------------------------------
--  DDL for Index CLASSROOMS_PK
--------------------------------------------------------

  CREATE UNIQUE INDEX "RMUDDUR"."CLASSROOMS_PK" ON "RMUDDUR"."CLASSROOMS" ("ID") 
  PCTFREE 10 INITRANS 2 MAXTRANS 255 COMPUTE STATISTICS 
  STORAGE(INITIAL 65536 NEXT 1048576 MINEXTENTS 1 MAXEXTENTS 2147483645
  PCTINCREASE 0 FREELISTS 1 FREELIST GROUPS 1 BUFFER_POOL DEFAULT FLASH_CACHE DEFAULT CELL_FLASH_CACHE DEFAULT)
  TABLESPACE "USERS" ;
--------------------------------------------------------
--  DDL for Index STUDENT_ID_RE
--------------------------------------------------------

  CREATE UNIQUE INDEX "RMUDDUR"."STUDENT_ID_RE" ON "RMUDDUR"."STUDENT" ("STUDENT_ID") 
  PCTFREE 10 INITRANS 2 MAXTRANS 255 COMPUTE STATISTICS 
  STORAGE(INITIAL 65536 NEXT 1048576 MINEXTENTS 1 MAXEXTENTS 2147483645
  PCTINCREASE 0 FREELISTS 1 FREELIST GROUPS 1 BUFFER_POOL DEFAULT FLASH_CACHE DEFAULT CELL_FLASH_CACHE DEFAULT)
  TABLESPACE "USERS" ;
--------------------------------------------------------
--  DDL for Index ENROLLMENTS_PK
--------------------------------------------------------

  CREATE UNIQUE INDEX "RMUDDUR"."ENROLLMENTS_PK" ON "RMUDDUR"."ENROLLMENTS" ("STUDENT_ID", "SCHED_ID", "CLASSROOM_ID", "CID", "SEM", "YEAR") 
  PCTFREE 10 INITRANS 2 MAXTRANS 255 COMPUTE STATISTICS 
  STORAGE(INITIAL 65536 NEXT 1048576 MINEXTENTS 1 MAXEXTENTS 2147483645
  PCTINCREASE 0 FREELISTS 1 FREELIST GROUPS 1 BUFFER_POOL DEFAULT FLASH_CACHE DEFAULT CELL_FLASH_CACHE DEFAULT)
  TABLESPACE "USERS" ;
--------------------------------------------------------
--  DDL for Index BILL
--------------------------------------------------------

  CREATE UNIQUE INDEX "RMUDDUR"."BILL" ON "RMUDDUR"."BILLRATES" ("YEAR", "SEM", "RESIDENCY", "LVL") 
  PCTFREE 10 INITRANS 2 MAXTRANS 255 COMPUTE STATISTICS 
  STORAGE(INITIAL 65536 NEXT 1048576 MINEXTENTS 1 MAXEXTENTS 2147483645
  PCTINCREASE 0 FREELISTS 1 FREELIST GROUPS 1 BUFFER_POOL DEFAULT FLASH_CACHE DEFAULT CELL_FLASH_CACHE DEFAULT)
  TABLESPACE "USERS" ;
--------------------------------------------------------
--  DDL for Index OFFERINGS_PK
--------------------------------------------------------

  CREATE UNIQUE INDEX "RMUDDUR"."OFFERINGS_PK" ON "RMUDDUR"."OFFERINGS" ("CLASSROOM_ID", "SCHED_ID", "CID", "SEM", "YEAR") 
  PCTFREE 10 INITRANS 2 MAXTRANS 255 COMPUTE STATISTICS 
  STORAGE(INITIAL 65536 NEXT 1048576 MINEXTENTS 1 MAXEXTENTS 2147483645
  PCTINCREASE 0 FREELISTS 1 FREELIST GROUPS 1 BUFFER_POOL DEFAULT FLASH_CACHE DEFAULT CELL_FLASH_CACHE DEFAULT)
  TABLESPACE "USERS" ;
--------------------------------------------------------
--  DDL for Index SEMESTER_PK
--------------------------------------------------------

  CREATE UNIQUE INDEX "RMUDDUR"."SEMESTER_PK" ON "RMUDDUR"."SEMESTER" ("SEM", "YEAR") 
  PCTFREE 10 INITRANS 2 MAXTRANS 255 COMPUTE STATISTICS 
  STORAGE(INITIAL 65536 NEXT 1048576 MINEXTENTS 1 MAXEXTENTS 2147483645
  PCTINCREASE 0 FREELISTS 1 FREELIST GROUPS 1 BUFFER_POOL DEFAULT FLASH_CACHE DEFAULT CELL_FLASH_CACHE DEFAULT)
  TABLESPACE "USERS" ;
--------------------------------------------------------
--  DDL for Index PRECONREQ_PK
--------------------------------------------------------

  CREATE UNIQUE INDEX "RMUDDUR"."PRECONREQ_PK" ON "RMUDDUR"."PRECONREQ" ("CID", "TAG") 
  PCTFREE 10 INITRANS 2 MAXTRANS 255 COMPUTE STATISTICS 
  STORAGE(INITIAL 65536 NEXT 1048576 MINEXTENTS 1 MAXEXTENTS 2147483645
  PCTINCREASE 0 FREELISTS 1 FREELIST GROUPS 1 BUFFER_POOL DEFAULT FLASH_CACHE DEFAULT CELL_FLASH_CACHE DEFAULT)
  TABLESPACE "USERS" ;
--------------------------------------------------------
--  DDL for Index FACULTY_PK
--------------------------------------------------------

  CREATE UNIQUE INDEX "RMUDDUR"."FACULTY_PK" ON "RMUDDUR"."FACULTY" ("FID") 
  PCTFREE 10 INITRANS 2 MAXTRANS 255 COMPUTE STATISTICS 
  STORAGE(INITIAL 65536 NEXT 1048576 MINEXTENTS 1 MAXEXTENTS 2147483645
  PCTINCREASE 0 FREELISTS 1 FREELIST GROUPS 1 BUFFER_POOL DEFAULT FLASH_CACHE DEFAULT CELL_FLASH_CACHE DEFAULT)
  TABLESPACE "USERS" ;
--------------------------------------------------------
--  DDL for Index SCHEDULE_PK
--------------------------------------------------------

  CREATE UNIQUE INDEX "RMUDDUR"."SCHEDULE_PK" ON "RMUDDUR"."SCHEDULE" ("SID") 
  PCTFREE 10 INITRANS 2 MAXTRANS 255 COMPUTE STATISTICS 
  STORAGE(INITIAL 65536 NEXT 1048576 MINEXTENTS 1 MAXEXTENTS 2147483645
  PCTINCREASE 0 FREELISTS 1 FREELIST GROUPS 1 BUFFER_POOL DEFAULT FLASH_CACHE DEFAULT CELL_FLASH_CACHE DEFAULT)
  TABLESPACE "USERS" ;
--------------------------------------------------------
--  DDL for Index FACULTY_NAME
--------------------------------------------------------

  CREATE UNIQUE INDEX "RMUDDUR"."FACULTY_NAME" ON "RMUDDUR"."FACULTY" ("NAME") 
  PCTFREE 10 INITRANS 2 MAXTRANS 255 COMPUTE STATISTICS 
  STORAGE(INITIAL 65536 NEXT 1048576 MINEXTENTS 1 MAXEXTENTS 2147483645
  PCTINCREASE 0 FREELISTS 1 FREELIST GROUPS 1 BUFFER_POOL DEFAULT FLASH_CACHE DEFAULT CELL_FLASH_CACHE DEFAULT)
  TABLESPACE "USERS" ;
--------------------------------------------------------
--  DDL for Index COURSE_PK
--------------------------------------------------------

  CREATE UNIQUE INDEX "RMUDDUR"."COURSE_PK" ON "RMUDDUR"."COURSE" ("CID") 
  PCTFREE 10 INITRANS 2 MAXTRANS 255 COMPUTE STATISTICS 
  STORAGE(INITIAL 65536 NEXT 1048576 MINEXTENTS 1 MAXEXTENTS 2147483645
  PCTINCREASE 0 FREELISTS 1 FREELIST GROUPS 1 BUFFER_POOL DEFAULT FLASH_CACHE DEFAULT CELL_FLASH_CACHE DEFAULT)
  TABLESPACE "USERS" ;
--------------------------------------------------------
--  Constraints for Table PREREQ
--------------------------------------------------------

  ALTER TABLE "RMUDDUR"."PREREQ" ADD CONSTRAINT "PREREQ_PK" PRIMARY KEY ("CID", "REQ_CID")
  USING INDEX PCTFREE 10 INITRANS 2 MAXTRANS 255 COMPUTE STATISTICS 
  STORAGE(INITIAL 65536 NEXT 1048576 MINEXTENTS 1 MAXEXTENTS 2147483645
  PCTINCREASE 0 FREELISTS 1 FREELIST GROUPS 1 BUFFER_POOL DEFAULT FLASH_CACHE DEFAULT CELL_FLASH_CACHE DEFAULT)
  TABLESPACE "USERS"  ENABLE;
 
  ALTER TABLE "RMUDDUR"."PREREQ" MODIFY ("CID" NOT NULL ENABLE);
 
  ALTER TABLE "RMUDDUR"."PREREQ" MODIFY ("REQ_CID" NOT NULL ENABLE);
--------------------------------------------------------
--  Constraints for Table SEMESTER
--------------------------------------------------------

  ALTER TABLE "RMUDDUR"."SEMESTER" ADD CONSTRAINT "SEMESTER_PK" PRIMARY KEY ("SEM", "YEAR")
  USING INDEX PCTFREE 10 INITRANS 2 MAXTRANS 255 COMPUTE STATISTICS 
  STORAGE(INITIAL 65536 NEXT 1048576 MINEXTENTS 1 MAXEXTENTS 2147483645
  PCTINCREASE 0 FREELISTS 1 FREELIST GROUPS 1 BUFFER_POOL DEFAULT FLASH_CACHE DEFAULT CELL_FLASH_CACHE DEFAULT)
  TABLESPACE "USERS"  ENABLE;
 
  ALTER TABLE "RMUDDUR"."SEMESTER" MODIFY ("SEM" NOT NULL ENABLE);
 
  ALTER TABLE "RMUDDUR"."SEMESTER" MODIFY ("YEAR" NOT NULL ENABLE);
--------------------------------------------------------
--  Constraints for Table ENROLLMENTS
--------------------------------------------------------

  ALTER TABLE "RMUDDUR"."ENROLLMENTS" ADD CONSTRAINT "ENROLLMENTS_PK" PRIMARY KEY ("STUDENT_ID", "SCHED_ID", "CLASSROOM_ID", "CID", "SEM", "YEAR")
  USING INDEX PCTFREE 10 INITRANS 2 MAXTRANS 255 COMPUTE STATISTICS 
  STORAGE(INITIAL 65536 NEXT 1048576 MINEXTENTS 1 MAXEXTENTS 2147483645
  PCTINCREASE 0 FREELISTS 1 FREELIST GROUPS 1 BUFFER_POOL DEFAULT FLASH_CACHE DEFAULT CELL_FLASH_CACHE DEFAULT)
  TABLESPACE "USERS"  ENABLE;
 
  ALTER TABLE "RMUDDUR"."ENROLLMENTS" MODIFY ("STUDENT_ID" NOT NULL ENABLE);
 
  ALTER TABLE "RMUDDUR"."ENROLLMENTS" MODIFY ("SCHED_ID" NOT NULL ENABLE);
 
  ALTER TABLE "RMUDDUR"."ENROLLMENTS" MODIFY ("CLASSROOM_ID" NOT NULL ENABLE);
 
  ALTER TABLE "RMUDDUR"."ENROLLMENTS" MODIFY ("CID" NOT NULL ENABLE);
 
  ALTER TABLE "RMUDDUR"."ENROLLMENTS" MODIFY ("SEM" NOT NULL ENABLE);
 
  ALTER TABLE "RMUDDUR"."ENROLLMENTS" MODIFY ("YEAR" NOT NULL ENABLE);
--------------------------------------------------------
--  Constraints for Table BILLRATES
--------------------------------------------------------

  ALTER TABLE "RMUDDUR"."BILLRATES" ADD CONSTRAINT "BILL" PRIMARY KEY ("YEAR", "SEM", "RESIDENCY", "LVL")
  USING INDEX PCTFREE 10 INITRANS 2 MAXTRANS 255 COMPUTE STATISTICS 
  STORAGE(INITIAL 65536 NEXT 1048576 MINEXTENTS 1 MAXEXTENTS 2147483645
  PCTINCREASE 0 FREELISTS 1 FREELIST GROUPS 1 BUFFER_POOL DEFAULT FLASH_CACHE DEFAULT CELL_FLASH_CACHE DEFAULT)
  TABLESPACE "USERS"  ENABLE;
 
  ALTER TABLE "RMUDDUR"."BILLRATES" MODIFY ("YEAR" NOT NULL ENABLE);
 
  ALTER TABLE "RMUDDUR"."BILLRATES" MODIFY ("SEM" NOT NULL ENABLE);
 
  ALTER TABLE "RMUDDUR"."BILLRATES" MODIFY ("RESIDENCY" NOT NULL ENABLE);
 
  ALTER TABLE "RMUDDUR"."BILLRATES" MODIFY ("LVL" NOT NULL ENABLE);
 
  ALTER TABLE "RMUDDUR"."BILLRATES" MODIFY ("CHARGE" NOT NULL ENABLE);
--------------------------------------------------------
--  Constraints for Table COURSE
--------------------------------------------------------

  ALTER TABLE "RMUDDUR"."COURSE" ADD CONSTRAINT "COURSE_PK" PRIMARY KEY ("CID")
  USING INDEX PCTFREE 10 INITRANS 2 MAXTRANS 255 COMPUTE STATISTICS 
  STORAGE(INITIAL 65536 NEXT 1048576 MINEXTENTS 1 MAXEXTENTS 2147483645
  PCTINCREASE 0 FREELISTS 1 FREELIST GROUPS 1 BUFFER_POOL DEFAULT FLASH_CACHE DEFAULT CELL_FLASH_CACHE DEFAULT)
  TABLESPACE "USERS"  ENABLE;
 
  ALTER TABLE "RMUDDUR"."COURSE" MODIFY ("CID" NOT NULL ENABLE);
 
  ALTER TABLE "RMUDDUR"."COURSE" MODIFY ("NAME" NOT NULL ENABLE);
--------------------------------------------------------
--  Constraints for Table PRECON
--------------------------------------------------------

  ALTER TABLE "RMUDDUR"."PRECON" ADD CONSTRAINT "PRECON_PK" PRIMARY KEY ("TAG")
  USING INDEX PCTFREE 10 INITRANS 2 MAXTRANS 255 COMPUTE STATISTICS 
  STORAGE(INITIAL 65536 NEXT 1048576 MINEXTENTS 1 MAXEXTENTS 2147483645
  PCTINCREASE 0 FREELISTS 1 FREELIST GROUPS 1 BUFFER_POOL DEFAULT FLASH_CACHE DEFAULT CELL_FLASH_CACHE DEFAULT)
  TABLESPACE "USERS"  ENABLE;
 
  ALTER TABLE "RMUDDUR"."PRECON" MODIFY ("TAG" NOT NULL ENABLE);
 
  ALTER TABLE "RMUDDUR"."PRECON" MODIFY ("DESCRIPTION" NOT NULL ENABLE);
--------------------------------------------------------
--  Constraints for Table FACULTY_GROUP
--------------------------------------------------------

  ALTER TABLE "RMUDDUR"."FACULTY_GROUP" ADD CONSTRAINT "FACULTY_GROUP_PK" PRIMARY KEY ("SCHED_ID", "COURSE_ID", "CLASSROOM_ID", "FID", "YEAR", "SEM")
  USING INDEX PCTFREE 10 INITRANS 2 MAXTRANS 255 COMPUTE STATISTICS 
  STORAGE(INITIAL 65536 NEXT 1048576 MINEXTENTS 1 MAXEXTENTS 2147483645
  PCTINCREASE 0 FREELISTS 1 FREELIST GROUPS 1 BUFFER_POOL DEFAULT FLASH_CACHE DEFAULT CELL_FLASH_CACHE DEFAULT)
  TABLESPACE "USERS"  ENABLE;
 
  ALTER TABLE "RMUDDUR"."FACULTY_GROUP" MODIFY ("COURSE_ID" NOT NULL ENABLE);
 
  ALTER TABLE "RMUDDUR"."FACULTY_GROUP" MODIFY ("SCHED_ID" NOT NULL ENABLE);
 
  ALTER TABLE "RMUDDUR"."FACULTY_GROUP" MODIFY ("CLASSROOM_ID" NOT NULL ENABLE);
 
  ALTER TABLE "RMUDDUR"."FACULTY_GROUP" MODIFY ("FID" NOT NULL ENABLE);
 
  ALTER TABLE "RMUDDUR"."FACULTY_GROUP" MODIFY ("SEM" NOT NULL ENABLE);
 
  ALTER TABLE "RMUDDUR"."FACULTY_GROUP" MODIFY ("YEAR" NOT NULL ENABLE);
--------------------------------------------------------
--  Constraints for Table ADMINISTRATOR
--------------------------------------------------------

  ALTER TABLE "RMUDDUR"."ADMINISTRATOR" ADD CONSTRAINT "ADMINISTRATOR_PK" PRIMARY KEY ("EID")
  USING INDEX PCTFREE 10 INITRANS 2 MAXTRANS 255 COMPUTE STATISTICS 
  STORAGE(INITIAL 65536 NEXT 1048576 MINEXTENTS 1 MAXEXTENTS 2147483645
  PCTINCREASE 0 FREELISTS 1 FREELIST GROUPS 1 BUFFER_POOL DEFAULT FLASH_CACHE DEFAULT CELL_FLASH_CACHE DEFAULT)
  TABLESPACE "USERS"  ENABLE;
 
  ALTER TABLE "RMUDDUR"."ADMINISTRATOR" MODIFY ("EID" NOT NULL ENABLE);
--------------------------------------------------------
--  Constraints for Table OFFERINGS
--------------------------------------------------------

  ALTER TABLE "RMUDDUR"."OFFERINGS" ADD CONSTRAINT "OFFERINGS_PK" PRIMARY KEY ("CLASSROOM_ID", "SCHED_ID", "CID", "SEM", "YEAR")
  USING INDEX PCTFREE 10 INITRANS 2 MAXTRANS 255 COMPUTE STATISTICS 
  STORAGE(INITIAL 65536 NEXT 1048576 MINEXTENTS 1 MAXEXTENTS 2147483645
  PCTINCREASE 0 FREELISTS 1 FREELIST GROUPS 1 BUFFER_POOL DEFAULT FLASH_CACHE DEFAULT CELL_FLASH_CACHE DEFAULT)
  TABLESPACE "USERS"  ENABLE;
 
  ALTER TABLE "RMUDDUR"."OFFERINGS" MODIFY ("CID" NOT NULL ENABLE);
 
  ALTER TABLE "RMUDDUR"."OFFERINGS" MODIFY ("SCHED_ID" NOT NULL ENABLE);
 
  ALTER TABLE "RMUDDUR"."OFFERINGS" MODIFY ("CLASSROOM_ID" NOT NULL ENABLE);
 
  ALTER TABLE "RMUDDUR"."OFFERINGS" MODIFY ("SEM" NOT NULL ENABLE);
 
  ALTER TABLE "RMUDDUR"."OFFERINGS" MODIFY ("YEAR" NOT NULL ENABLE);
--------------------------------------------------------
--  Constraints for Table STUDENT
--------------------------------------------------------

  ALTER TABLE "RMUDDUR"."STUDENT" ADD CONSTRAINT "STUDENT_ID_RE" PRIMARY KEY ("STUDENT_ID")
  USING INDEX PCTFREE 10 INITRANS 2 MAXTRANS 255 COMPUTE STATISTICS 
  STORAGE(INITIAL 65536 NEXT 1048576 MINEXTENTS 1 MAXEXTENTS 2147483645
  PCTINCREASE 0 FREELISTS 1 FREELIST GROUPS 1 BUFFER_POOL DEFAULT FLASH_CACHE DEFAULT CELL_FLASH_CACHE DEFAULT)
  TABLESPACE "USERS"  ENABLE;
 
  ALTER TABLE "RMUDDUR"."STUDENT" MODIFY ("STUDENT_ID" NOT NULL ENABLE);
 
  ALTER TABLE "RMUDDUR"."STUDENT" MODIFY ("RESIDENCY" NOT NULL ENABLE);
--------------------------------------------------------
--  Constraints for Table FACULTY
--------------------------------------------------------

  ALTER TABLE "RMUDDUR"."FACULTY" ADD CONSTRAINT "FACULTY_NAME" UNIQUE ("NAME")
  USING INDEX PCTFREE 10 INITRANS 2 MAXTRANS 255 COMPUTE STATISTICS 
  STORAGE(INITIAL 65536 NEXT 1048576 MINEXTENTS 1 MAXEXTENTS 2147483645
  PCTINCREASE 0 FREELISTS 1 FREELIST GROUPS 1 BUFFER_POOL DEFAULT FLASH_CACHE DEFAULT CELL_FLASH_CACHE DEFAULT)
  TABLESPACE "USERS"  ENABLE;
 
  ALTER TABLE "RMUDDUR"."FACULTY" ADD CONSTRAINT "FACULTY_PK" PRIMARY KEY ("FID")
  USING INDEX PCTFREE 10 INITRANS 2 MAXTRANS 255 COMPUTE STATISTICS 
  STORAGE(INITIAL 65536 NEXT 1048576 MINEXTENTS 1 MAXEXTENTS 2147483645
  PCTINCREASE 0 FREELISTS 1 FREELIST GROUPS 1 BUFFER_POOL DEFAULT FLASH_CACHE DEFAULT CELL_FLASH_CACHE DEFAULT)
  TABLESPACE "USERS"  ENABLE;
 
  ALTER TABLE "RMUDDUR"."FACULTY" MODIFY ("FID" NOT NULL ENABLE);
--------------------------------------------------------
--  Constraints for Table SCHEDULE
--------------------------------------------------------

  ALTER TABLE "RMUDDUR"."SCHEDULE" ADD CONSTRAINT "SCHEDULE_PK" PRIMARY KEY ("SID")
  USING INDEX PCTFREE 10 INITRANS 2 MAXTRANS 255 COMPUTE STATISTICS 
  STORAGE(INITIAL 65536 NEXT 1048576 MINEXTENTS 1 MAXEXTENTS 2147483645
  PCTINCREASE 0 FREELISTS 1 FREELIST GROUPS 1 BUFFER_POOL DEFAULT FLASH_CACHE DEFAULT CELL_FLASH_CACHE DEFAULT)
  TABLESPACE "USERS"  ENABLE;
 
  ALTER TABLE "RMUDDUR"."SCHEDULE" MODIFY ("SID" NOT NULL ENABLE);
 
  ALTER TABLE "RMUDDUR"."SCHEDULE" MODIFY ("MON" NOT NULL ENABLE);
 
  ALTER TABLE "RMUDDUR"."SCHEDULE" MODIFY ("TUE" NOT NULL ENABLE);
 
  ALTER TABLE "RMUDDUR"."SCHEDULE" MODIFY ("WED" NOT NULL ENABLE);
 
  ALTER TABLE "RMUDDUR"."SCHEDULE" MODIFY ("THU" NOT NULL ENABLE);
 
  ALTER TABLE "RMUDDUR"."SCHEDULE" MODIFY ("FRI" NOT NULL ENABLE);
 
  ALTER TABLE "RMUDDUR"."SCHEDULE" MODIFY ("START_HOUR" NOT NULL ENABLE);
 
  ALTER TABLE "RMUDDUR"."SCHEDULE" MODIFY ("START_MIN" NOT NULL ENABLE);
 
  ALTER TABLE "RMUDDUR"."SCHEDULE" MODIFY ("END_HOUR" NOT NULL ENABLE);
 
  ALTER TABLE "RMUDDUR"."SCHEDULE" MODIFY ("END_MIN" NOT NULL ENABLE);
 
  ALTER TABLE "RMUDDUR"."SCHEDULE" ADD CONSTRAINT "UNIQUE_SCHEDULE" UNIQUE ("MON", "TUE", "WED", "THU", "FRI", "START_HOUR", "START_MIN", "END_HOUR", "END_MIN")
  USING INDEX PCTFREE 10 INITRANS 2 MAXTRANS 255 COMPUTE STATISTICS 
  STORAGE(INITIAL 65536 NEXT 1048576 MINEXTENTS 1 MAXEXTENTS 2147483645
  PCTINCREASE 0 FREELISTS 1 FREELIST GROUPS 1 BUFFER_POOL DEFAULT FLASH_CACHE DEFAULT CELL_FLASH_CACHE DEFAULT)
  TABLESPACE "USERS"  ENABLE;
--------------------------------------------------------
--  Constraints for Table PRECONREQ
--------------------------------------------------------

  ALTER TABLE "RMUDDUR"."PRECONREQ" ADD CONSTRAINT "PRECONREQ_PK" PRIMARY KEY ("CID", "TAG")
  USING INDEX PCTFREE 10 INITRANS 2 MAXTRANS 255 COMPUTE STATISTICS 
  STORAGE(INITIAL 65536 NEXT 1048576 MINEXTENTS 1 MAXEXTENTS 2147483645
  PCTINCREASE 0 FREELISTS 1 FREELIST GROUPS 1 BUFFER_POOL DEFAULT FLASH_CACHE DEFAULT CELL_FLASH_CACHE DEFAULT)
  TABLESPACE "USERS"  ENABLE;
 
  ALTER TABLE "RMUDDUR"."PRECONREQ" MODIFY ("CID" NOT NULL ENABLE);
 
  ALTER TABLE "RMUDDUR"."PRECONREQ" MODIFY ("TAG" NOT NULL ENABLE);
--------------------------------------------------------
--  Constraints for Table CLASSROOMS
--------------------------------------------------------

  ALTER TABLE "RMUDDUR"."CLASSROOMS" ADD CONSTRAINT "CLASSROOMS_PK" PRIMARY KEY ("ID")
  USING INDEX PCTFREE 10 INITRANS 2 MAXTRANS 255 COMPUTE STATISTICS 
  STORAGE(INITIAL 65536 NEXT 1048576 MINEXTENTS 1 MAXEXTENTS 2147483645
  PCTINCREASE 0 FREELISTS 1 FREELIST GROUPS 1 BUFFER_POOL DEFAULT FLASH_CACHE DEFAULT CELL_FLASH_CACHE DEFAULT)
  TABLESPACE "USERS"  ENABLE;
 
  ALTER TABLE "RMUDDUR"."CLASSROOMS" MODIFY ("ID" NOT NULL ENABLE);
 
  ALTER TABLE "RMUDDUR"."CLASSROOMS" MODIFY ("CLASSROOM" NOT NULL ENABLE);
--------------------------------------------------------
--  Constraints for Table APPUSER
--------------------------------------------------------

  ALTER TABLE "RMUDDUR"."APPUSER" ADD CONSTRAINT "UNAME_PK" PRIMARY KEY ("USERNAME")
  USING INDEX PCTFREE 10 INITRANS 2 MAXTRANS 255 COMPUTE STATISTICS 
  STORAGE(INITIAL 65536 NEXT 1048576 MINEXTENTS 1 MAXEXTENTS 2147483645
  PCTINCREASE 0 FREELISTS 1 FREELIST GROUPS 1 BUFFER_POOL DEFAULT FLASH_CACHE DEFAULT CELL_FLASH_CACHE DEFAULT)
  TABLESPACE "USERS"  ENABLE;
--------------------------------------------------------
--  Constraints for Table SPECIAL_REQ
--------------------------------------------------------

  ALTER TABLE "RMUDDUR"."SPECIAL_REQ" ADD CONSTRAINT "SPECIAL_REQ_PK" PRIMARY KEY ("STUDENT_ID", "SCHED_ID", "CLASSROOM_ID", "CID", "SEM", "YEAR")
  USING INDEX PCTFREE 10 INITRANS 2 MAXTRANS 255 COMPUTE STATISTICS 
  STORAGE(INITIAL 65536 NEXT 1048576 MINEXTENTS 1 MAXEXTENTS 2147483645
  PCTINCREASE 0 FREELISTS 1 FREELIST GROUPS 1 BUFFER_POOL DEFAULT FLASH_CACHE DEFAULT CELL_FLASH_CACHE DEFAULT)
  TABLESPACE "USERS"  ENABLE;
 
  ALTER TABLE "RMUDDUR"."SPECIAL_REQ" MODIFY ("STUDENT_ID" NOT NULL ENABLE);
 
  ALTER TABLE "RMUDDUR"."SPECIAL_REQ" MODIFY ("SCHED_ID" NOT NULL ENABLE);
 
  ALTER TABLE "RMUDDUR"."SPECIAL_REQ" MODIFY ("CLASSROOM_ID" NOT NULL ENABLE);
 
  ALTER TABLE "RMUDDUR"."SPECIAL_REQ" MODIFY ("CID" NOT NULL ENABLE);
 
  ALTER TABLE "RMUDDUR"."SPECIAL_REQ" MODIFY ("SEM" NOT NULL ENABLE);
 
  ALTER TABLE "RMUDDUR"."SPECIAL_REQ" MODIFY ("YEAR" NOT NULL ENABLE);
--------------------------------------------------------
--  Ref Constraints for Table ADMINISTRATOR
--------------------------------------------------------

  ALTER TABLE "RMUDDUR"."ADMINISTRATOR" ADD CONSTRAINT "ADMIN_APPUSERTABLE" FOREIGN KEY ("APPUSERID")
	  REFERENCES "RMUDDUR"."APPUSER" ("USERNAME") ENABLE;
--------------------------------------------------------
--  Ref Constraints for Table ENROLLMENTS
--------------------------------------------------------

  ALTER TABLE "RMUDDUR"."ENROLLMENTS" ADD CONSTRAINT "CLASSROOM_ENROLL" FOREIGN KEY ("CLASSROOM_ID")
	  REFERENCES "RMUDDUR"."CLASSROOMS" ("ID") ENABLE;
 
  ALTER TABLE "RMUDDUR"."ENROLLMENTS" ADD CONSTRAINT "ENROLL_COURSE" FOREIGN KEY ("CID")
	  REFERENCES "RMUDDUR"."COURSE" ("CID") ENABLE;
--------------------------------------------------------
--  Ref Constraints for Table OFFERINGS
--------------------------------------------------------

  ALTER TABLE "RMUDDUR"."OFFERINGS" ADD CONSTRAINT "CLASSROOM_OFFERING" FOREIGN KEY ("CLASSROOM_ID")
	  REFERENCES "RMUDDUR"."CLASSROOMS" ("ID") ENABLE;
 
  ALTER TABLE "RMUDDUR"."OFFERINGS" ADD CONSTRAINT "COURSE_OFFERING" FOREIGN KEY ("CID")
	  REFERENCES "RMUDDUR"."COURSE" ("CID") ENABLE;
--------------------------------------------------------
--  Ref Constraints for Table PRECONREQ
--------------------------------------------------------

  ALTER TABLE "RMUDDUR"."PRECONREQ" ADD CONSTRAINT "PRECONREQ_FOREIGNKEY_COURSE" FOREIGN KEY ("CID")
	  REFERENCES "RMUDDUR"."COURSE" ("CID") ENABLE;
 
  ALTER TABLE "RMUDDUR"."PRECONREQ" ADD CONSTRAINT "PRECONREQ_FOREIGNKEY_PRECON" FOREIGN KEY ("TAG")
	  REFERENCES "RMUDDUR"."PRECON" ("TAG") ENABLE;
--------------------------------------------------------
--  Ref Constraints for Table PREREQ
--------------------------------------------------------

  ALTER TABLE "RMUDDUR"."PREREQ" ADD CONSTRAINT "CID_FOREIGNKEY_COURSE" FOREIGN KEY ("CID")
	  REFERENCES "RMUDDUR"."COURSE" ("CID") ENABLE;
 
  ALTER TABLE "RMUDDUR"."PREREQ" ADD CONSTRAINT "REQ_CID_FOREIGNKEY_COURSE" FOREIGN KEY ("REQ_CID")
	  REFERENCES "RMUDDUR"."COURSE" ("CID") ENABLE;
--------------------------------------------------------
--  Ref Constraints for Table STUDENT
--------------------------------------------------------

  ALTER TABLE "RMUDDUR"."STUDENT" ADD CONSTRAINT "EMAIL_APPUSER_FOREIGNKEY" FOREIGN KEY ("EMAIL")
	  REFERENCES "RMUDDUR"."APPUSER" ("USERNAME") ENABLE;
--------------------------------------------------------
--  DDL for Trigger AUTO_FACULTY
--------------------------------------------------------

  CREATE OR REPLACE TRIGGER "RMUDDUR"."AUTO_FACULTY" 
before insert on faculty 
for each row 
begin
  SELECT FACULTY_ID.NEXTVAL INTO :new.FID FROM DUAL;
end;
/
ALTER TRIGGER "RMUDDUR"."AUTO_FACULTY" ENABLE;
--------------------------------------------------------
--  DDL for Trigger BILL
--------------------------------------------------------

  CREATE OR REPLACE TRIGGER "RMUDDUR"."BILL" 
AFTER INSERT ON ENROLLMENTS
FOR EACH ROW
BEGIN
  UPDATE STUDENT SET BILL = BILL + 
  (SELECT CREDIT FROM COURSE WHERE CID = :NEW.CID) * (SELECT CHARGE FROM BILLRATES WHERE SEM = :NEW.SEM AND YEAR = :NEW.YEAR AND RESIDENCY = 
  (SELECT RESIDENCY FROM STUDENT WHERE STUDENT_ID = :NEW.STUDENT_ID) AND LVL =  
  (SELECT COURSE_LEVEL FROM COURSE WHERE CID = :NEW.CID))
  WHERE STUDENT_ID = :NEW.STUDENT_ID;
END;
/
ALTER TRIGGER "RMUDDUR"."BILL" ENABLE;
--------------------------------------------------------
--  DDL for Trigger BILL_DELETE
--------------------------------------------------------

  CREATE OR REPLACE TRIGGER "RMUDDUR"."BILL_DELETE" 
AFTER DELETE ON ENROLLMENTS
FOR EACH ROW
BEGIN
  UPDATE STUDENT SET BILL = BILL - 
  (SELECT CREDIT FROM COURSE WHERE CID = :NEW.CID) * (SELECT CHARGE FROM BILLRATES WHERE SEM = :NEW.SEM AND YEAR = :NEW.YEAR AND RESIDENCY = 
  (SELECT RESIDENCY FROM STUDENT WHERE STUDENT_ID = :NEW.STUDENT_ID) AND LVL =  
  (SELECT COURSE_LEVEL FROM COURSE WHERE CID = :NEW.CID))
  WHERE STUDENT_ID = :NEW.STUDENT_ID;
END;
/
ALTER TRIGGER "RMUDDUR"."BILL_DELETE" ENABLE;
--------------------------------------------------------
--  DDL for Trigger GPA_TRIGGER
--------------------------------------------------------

  CREATE OR REPLACE TRIGGER "RMUDDUR"."GPA_TRIGGER" 
AFTER DELETE OR INSERT OR UPDATE OF GPA ON ENROLLMENTS 
FOR EACH ROW 
DECLARE
S_ID ENROLLMENTS.STUDENT_ID%TYPE;
BEGIN
SELECT :NEW.STUDENT_ID INTO SID FROM DUAL;
END;
AFTER DELETE OR INSERT OR UPDATE OF GPA ON ENROLLMENTS 
BEGIN
  UPDATE STUDENT SET GPA = 4.32 
  WHERE STUDENT_ID = S_ID;
END;

SELECT * FROM STUDENT WHERE STUDENT_ID = 1;
/
ALTER TRIGGER "RMUDDUR"."GPA_TRIGGER" DISABLE;
--------------------------------------------------------
--  DDL for Trigger TRIGGER1
--------------------------------------------------------

  CREATE OR REPLACE TRIGGER "RMUDDUR"."TRIGGER1" 
BEFORE INSERT ON SCHEDULE 
FOR EACH ROW
BEGIN
  SELECT SCHEDULE_ID.NEXTVAL INTO :new.SID FROM DUAL;
END;
/
ALTER TRIGGER "RMUDDUR"."TRIGGER1" ENABLE;
